user_id,converted,conversion_timestamp,order_value
a1135da0-32c,True,2024-02-10 22:27:00,103.07
19c67511-c9b,True,2024-02-20 20:39:00,301.35
398c0586-51b,True,2024-03-30 17:14:00,426.13
920c3ebc-2ac,False,,
f619e0d4-cd3,False,,
7f73ad27-303,False,,
0bf33b6f-888,False,,
310473ea-2d4,False,,
28e55667-642,False,,
cb6779bc-289,True,2024-03-21 01:55:00,271.64
373c40b0-9f4,False,,
164f6bfa-2a7,True,2024-03-29 15:30:00,454.14
b575bdf8-a29,False,,
d65ef4f0-d1f,False,,
8431f91c-dcd,True,2024-03-07 18:15:00,321.1
19e70544-11f,False,,
08dc9826-94d,False,,
1b010df3-61a,False,,
00bab440-bdf,False,,
37679d91-e75,True,2024-02-21 05:47:00,407.04
524d8ea4-e52,False,,
e6678a6a-0aa,False,,
204cc0f9-51c,False,,
9b0e649c-e64,True,2024-01-16 13:14:00,248.33
091bd9d1-ed4,False,,
44723071-f16,True,2024-02-09 13:03:00,213.04
ebdb58a0-f67,False,,
cdfeff3e-649,False,,
1e6c6b88-ebe,False,,
f36724ee-582,False,,
9ba5b267-a31,False,,
e37f4796-e75,False,,
90d5df5f-d36,False,,
6306c1b5-229,False,,
28801b8c-e8f,False,,
b70053da-650,False,,
20afbe20-10f,False,,
5d18e2fb-670,False,,
8473c9ad-a76,False,,
c794c634-0a9,False,,
6bbc1167-5d8,False,,
8dc5f72c-3f8,False,,
765cc2e3-452,False,,
0087a526-a49,False,,
6dfabcd4-0cb,False,,
221fcd3f-e54,False,,
be29e7b1-230,False,,
d096073f-c29,False,,
621cb5fa-5bc,True,2024-02-11 15:58:00,139.12
55dab285-033,False,,
a72eae26-4b4,False,,
575093ee-143,True,2024-03-11 23:55:00,250.11
1bc7eddd-007,True,2024-01-29 12:54:00,201.9
6f39c88c-341,True,2024-03-12 20:04:00,457.4
588fa4a5-486,False,,
496c6cef-f3b,False,,
4d13e753-5c9,False,,
e59cf5d8-9cc,False,,
5d20583c-42c,False,,
4451e41c-71a,False,,
ad0333ae-e68,False,,
4c82499c-810,False,,
54df94a1-fb5,False,,
a374a040-26a,False,,
67139073-1dc,False,,
12634a2f-920,False,,
463769c2-0ed,False,,
38ba1ea2-029,False,,
32ca7613-553,True,2024-01-05 12:55:00,134.13
a5bc687c-5c3,True,2024-03-23 04:16:00,313.12
15f65a85-334,True,2024-03-26 02:41:00,319.04
8518e6e6-c01,False,,
0a54fb9d-533,True,2024-02-21 21:09:00,484.81
fa65b1fb-f24,False,,
eff9997a-777,False,,
edb8c832-ff3,False,,
b6914745-a5a,False,,
758ceff4-956,False,,
0c999e97-9f2,True,2024-03-02 08:13:00,287.93
37344c20-3e5,False,,
db2e32b0-e32,False,,
9214091d-806,False,,
4cc7981e-2b0,False,,
0f3d15a5-9e3,False,,
f41d47b7-59c,True,2024-03-24 11:23:00,299.73
04872199-f0f,False,,
48348ac9-e9f,False,,
efb4441c-101,True,2024-02-14 09:54:00,122.25
db9e6795-471,False,,
e8d51905-323,False,,
9f1492b5-61c,False,,
9048a7ad-d92,False,,
3086bfe4-e0d,False,,
0b5e23a7-b65,False,,
583b4a6b-c63,True,2024-01-09 18:19:00,203.12
cf55d728-980,True,2024-02-28 06:26:00,440.21
b2512c6f-a35,False,,
05256eb5-3e8,False,,
31af45fd-64e,False,,
9600c3b0-fd9,False,,
ca2593b4-4c1,False,,
8190b98b-ba7,False,,
67b3b89e-3c9,False,,
a16ee058-502,False,,
c1e77d48-db0,False,,
db70c495-f02,False,,
1cfa29dc-722,False,,
58377079-924,True,2024-02-07 11:07:00,214.73
26bf57e8-3c7,False,,
95ed3572-76f,False,,
1e9ee268-ae9,False,,
314aefca-5fd,False,,
d08c5bad-39d,False,,
84d9d94c-c68,False,,
4866686e-012,False,,
c8401dc0-519,False,,
e6409b03-e3a,False,,
16234726-0ad,False,,
12aff7f5-818,True,2024-01-14 08:50:00,205.32
d44538fa-705,False,,
b763ee66-dc9,False,,
74dbc287-4e4,False,,
47cfa2a0-131,False,,
a553e091-ba5,False,,
a87e29ee-bfd,False,,
21a19813-bb2,False,,
af4e6988-6e7,False,,
bc0e12c0-1e1,True,2024-03-15 02:52:00,346.29
a99c42f8-8d8,False,,
385a577d-1b8,False,,
b6d59a28-a79,False,,
6cc6d4f9-2ba,False,,
7ad92914-620,True,2024-01-31 19:25:00,193.51
99b67462-aeb,False,,
53c03c56-808,False,,
a7b33bb7-d0b,False,,
e1a0dca2-822,False,,
ed194edb-84c,False,,
57c42828-ae8,False,,
77e8069d-ef5,False,,
f02903a5-0b6,False,,
964014f7-ece,False,,
c495abf5-5d4,False,,
761646b1-f64,True,2024-02-22 23:13:00,462.34
2452a3ab-c24,False,,
2fbc1449-d55,False,,
f601e82f-cb8,False,,
c9b36fdb-72f,False,,
62354533-b13,False,,
2c76c065-0a6,False,,
4eb45df2-2c0,False,,
41429a66-4ca,False,,
7d4b5677-706,False,,
8548af9e-b74,False,,
2468016d-3c7,False,,
e8930198-b5a,False,,
58146b9c-ce3,False,,
a6c0e0b7-46d,True,2024-02-24 05:28:00,221.05
d3b030d8-7d6,False,,
d11938ab-f27,False,,
994ac9df-73e,True,2024-02-29 13:52:00,263.17
0ad80c27-f94,False,,
2fb3dc8d-5a6,False,,
6a019dc3-d61,True,2024-03-18 07:10:00,338.72
e0b2575e-650,False,,
d5491abd-645,True,2024-01-29 04:37:00,393.94
902a3424-af7,False,,
ee5f9dc4-001,False,,
032f6b48-dbc,True,2024-01-13 23:26:00,261.74
e1eebc15-2ff,False,,
e8cd6f46-070,False,,
7698e16f-3b6,True,2024-01-02 00:13:00,489.21
0101d4c3-573,False,,
8d3ea292-57b,False,,
eb769325-a4a,False,,
a824ceea-2ab,False,,
42df540d-f87,False,,
a2cc8969-9f1,False,,
99317e9a-87d,False,,
e2654bd2-598,False,,
7db0fd62-35e,True,2024-01-09 00:30:00,312.53
e3cc85fd-930,False,,
d6ddfb6d-1b6,False,,
e240faca-610,False,,
dc721cce-003,True,2024-02-01 20:31:00,456.24
733de279-816,False,,
912a637a-129,False,,
07308dbd-fab,False,,
ab661b9a-a31,False,,
093845d8-5c5,False,,
8f7b6e9d-591,False,,
2f837e72-dbc,True,2024-03-02 19:12:00,420.79
84e8b555-8f4,False,,
054eb598-5da,False,,
b39c06d4-05e,False,,
037a59c8-2b3,False,,
cdc11382-b6f,True,2024-02-18 21:56:00,257.04
2d0e9dba-a30,True,2024-02-25 23:15:00,341.93
b6890a49-82b,False,,
0c39a2f0-d2b,False,,
35f59389-201,False,,
60272195-a7e,False,,
f128cf98-db1,False,,
058cab32-62b,False,,
3b29e80c-37c,False,,
861caf95-401,False,,
6f843dfe-c78,False,,
b6b4e3ba-56f,False,,
5fe92a1f-83d,False,,
0c00f8b2-dd4,False,,
80517202-21d,False,,
bf9572c4-8ff,False,,
8a60658a-047,False,,
29a5db4a-99b,False,,
e658fed9-257,False,,
096ef01f-72e,False,,
c490107a-53e,True,2024-03-26 04:36:00,409.61
6acd5b81-ccb,True,2024-02-13 03:11:00,425.63
0b64bb27-569,False,,
6781755d-e21,False,,
823bccd6-26f,False,,
69cec74f-7c1,False,,
9ea365a1-cd0,False,,
dd051676-08d,False,,
9aa582a7-bbb,True,2024-03-19 05:30:00,442.53
ad8f0638-1c1,False,,
7c9382ae-317,False,,
968a80f7-1d8,False,,
4feee40f-fde,False,,
f711b2a1-354,False,,
6f833818-b65,False,,
d3b66b00-c01,False,,
578af82a-20c,False,,
c8fd758d-4ae,False,,
a51d73aa-2aa,False,,
208efb5f-214,False,,
91e0bb3c-536,False,,
1cada6ef-c08,False,,
218984c1-c98,True,2024-01-21 16:34:00,399.1
e5c6db1a-137,False,,
1c0b9d30-8d9,False,,
be37c743-e55,False,,
8ab01995-9d2,False,,
8750de99-f9e,True,2024-02-15 14:55:00,287.81
2c36fee2-546,False,,
d467541d-66a,False,,
3d438179-631,False,,
6f1c6e8c-66f,False,,
da52053a-6be,False,,
1e35a886-dcf,True,2024-01-03 22:50:00,67.69
e5ac3d05-87b,True,2024-02-21 00:07:00,210.85
7b0339be-3f5,False,,
dd3c2eaf-d3e,False,,
d1172485-8ee,False,,
e4dcf401-df2,False,,
46109ade-1c5,False,,
82c7fbda-f85,True,2024-01-22 01:23:00,416.34
761e9f02-4d7,True,2024-03-24 13:56:00,402.45
15035360-729,False,,
2b1b666e-378,False,,
648b9ad8-72d,True,2024-02-17 18:58:00,370.07
69e02667-2ee,True,2024-04-01 07:47:00,327.92
bae9d4db-347,False,,
68ce1adc-bff,True,2024-01-23 09:10:00,322.89
44092821-9b9,True,2024-02-02 15:01:00,377.8
33b3478e-f15,False,,
f21c7348-cb5,True,2024-01-27 21:17:00,436.2
f9f98429-814,False,,
6a24baf0-c8b,False,,
6d68d734-9e6,False,,
dc04df64-d26,True,2024-02-23 17:34:00,116.53
eb6bc177-bf6,False,,
dc99b99d-6c6,False,,
bf448a10-ddc,False,,
2f6fac7b-ed6,False,,
c6d86d8b-3dc,False,,
9d6b8257-ad1,False,,
2aebf48c-e19,False,,
3c6f74fb-e49,False,,
2a772f78-557,False,,
c4f425a4-634,False,,
5ac9e05e-0c0,False,,
fac608ab-094,True,2024-03-21 19:26:00,186.87
3ebf0833-adf,False,,
51d7187f-53d,True,2024-03-02 02:09:00,189.39
c906b1a7-dce,False,,
37b382dc-477,False,,
ac4f8ee2-047,False,,
01d7e47b-60c,True,2024-02-24 21:07:00,104.01
7a3f4435-268,True,2024-03-20 06:34:00,179.68
e32fcc99-4e3,False,,
69a4d485-ac5,True,2024-02-24 07:09:00,459.03
031da8c0-086,False,,
c7d38c75-093,False,,
dd9dd7fe-3df,False,,
62fb0c31-d87,False,,
7235b7cc-8b4,False,,
d70ecff5-fc3,False,,
9e82313d-2ab,True,2024-03-12 00:15:00,323.84
47a07b23-592,False,,
f7ffc7b6-20a,False,,
0e4bc5f2-ee7,False,,
24342494-6f1,False,,
f436829b-563,False,,
6b024161-c7d,False,,
a2cf8f4f-6d2,False,,
33b91bdd-4e0,False,,
cdc5eb8f-700,True,2024-01-17 04:24:00,407.49
2e083e68-76b,False,,
2a3b7435-3c3,True,2024-01-12 12:11:00,80.95
71dd6d1b-189,False,,
00ff4ccb-1d7,False,,
c70f0782-8b1,False,,
3e480576-e5a,True,2024-03-17 14:01:00,56.34
407cdefd-e5f,True,2024-01-21 05:53:00,414.36
268f6626-201,True,2024-03-17 06:27:00,182.38
7f511416-158,False,,
aa8afa6a-fa9,False,,
4a703751-349,False,,
5e122903-48c,True,2024-01-21 11:18:00,148.14
2edb41f0-c85,False,,
cfcb3767-134,False,,
01e372c8-f78,False,,
0e1281d6-ad4,False,,
bde608da-e4d,False,,
6944fc2a-ac5,False,,
bd1d455f-486,False,,
fdb305bd-f23,False,,
94974fa9-d0e,True,2024-02-17 07:20:00,266.67
532208f6-c51,False,,
641d748b-6b8,False,,
159f5177-cc3,False,,
48b472f8-cb9,False,,
62b23ed5-091,False,,
080593de-dc4,False,,
feca6ffa-1d5,False,,
bdf20cbc-f2f,False,,
d7d115d3-a87,False,,
13a4aa7b-747,False,,
beb13164-fe3,False,,
74b13f0c-6d9,False,,
3b2a9478-b09,False,,
7e4e5db7-333,False,,
d4adf8e3-524,False,,
b26168e1-ef5,False,,
7653589a-a93,True,2024-02-10 22:48:00,66.53
f1989bb9-931,False,,
4a8c5c43-415,True,2024-02-05 05:54:00,267.3
b3234799-ca2,True,2024-03-15 22:12:00,453.77
cb9a9ba5-760,True,2024-01-17 11:45:00,369.39
0ed7c374-8f1,False,,
bd92a200-207,False,,
bdea7492-b5c,False,,
44d85cdb-3db,False,,
72d7307b-1dc,False,,
0eb69c6a-484,False,,
086588c0-311,True,2024-02-17 01:29:00,296.97
48558743-a5a,False,,
5e9b1959-7a1,False,,
db324b3e-57a,False,,
f40c0a13-e67,False,,
ccc379ae-78a,False,,
76d02002-e49,False,,
4d4085d1-00c,False,,
6a94411e-72d,False,,
ce9d1901-763,False,,
5cc38cbd-5e2,False,,
31b28aa7-1da,False,,
46ae2636-704,False,,
1468b29c-0cb,False,,
b958b06a-c9a,False,,
8dc3d711-888,False,,
6952aee0-df9,False,,
91dabf70-d4d,False,,
b96f7a0b-f44,False,,
12f1b360-881,True,2024-01-18 04:35:00,55.0
b1f3f85c-2c4,True,2024-01-25 01:28:00,258.03
8568cf73-7b6,True,2024-01-22 02:15:00,348.14
0fa7a144-be9,True,2024-03-30 08:38:00,184.82
1076baea-9c6,False,,
756ef7a0-33e,False,,
5a7acd60-887,False,,
e82e61ec-a89,True,2024-02-13 20:43:00,467.4
f304e385-758,False,,
b59d2af3-140,False,,
2224482c-d07,False,,
5ea9b56b-8a3,True,2024-01-04 13:53:00,119.72
100bea36-9c9,False,,
8269db6e-f65,False,,
4a5a1ddc-6a0,False,,
bd8a658b-65e,False,,
151a88d3-773,False,,
f96839ce-7f6,False,,
b9965613-f29,False,,
405ecf88-945,False,,
f1cd4ee0-220,False,,
b15fe8a2-1c1,False,,
d6b5fbc8-d9f,False,,
1536702c-ce5,False,,
486fde49-4b9,False,,
ead93c93-c64,False,,
ffeeef4f-b92,True,2024-03-10 09:46:00,81.9
db93ad47-450,False,,
ce02aafc-70e,False,,
93829a18-c3d,False,,
d8a84174-e40,False,,
fc1ba2cc-3ff,True,2024-03-17 17:22:00,226.25
14c70109-072,False,,
2c0e661f-f72,False,,
956c2345-3e8,False,,
62ad7b4c-b4a,False,,
05469fe2-07e,True,2024-02-13 14:35:00,257.55
fe9d514d-223,False,,
241bc38f-828,False,,
3e29adce-63f,False,,
1cf48648-084,False,,
fde3e9d8-7a1,False,,
0fe87f9d-8b4,False,,
0852775f-672,True,2024-02-27 01:17:00,240.95
1db21f22-03a,False,,
0648801e-a7c,False,,
4a0875e2-8f9,False,,
7ac5a12d-384,False,,
7f258908-021,False,,
ebc18e3d-dc8,False,,
1791af86-a5f,False,,
2f8dfbb8-d2d,False,,
09e74d40-ece,False,,
9f0122a2-688,False,,
6bd9aacb-bd3,False,,
21182b5b-85f,False,,
29800958-86a,False,,
8033d45c-e4d,False,,
a4ccd3fd-eea,False,,
146b35b7-f5c,False,,
cc4377d0-661,False,,
a916575f-fb6,False,,
e7a2424e-ec7,False,,
fe16e68e-93a,True,2024-02-10 23:47:00,139.84
4f8fe72f-a05,False,,
5148327c-fdc,False,,
5db8abdc-0d3,False,,
f31bc63b-3ef,True,2024-02-20 11:33:00,183.57
7c16284d-f81,False,,
c657ee39-5da,False,,
f42c3a33-c99,False,,
fa873539-610,False,,
d9dd5c77-ffe,True,2024-03-25 04:30:00,425.52
9b5d920d-bf5,False,,
91821009-4a0,False,,
bfbf440b-9ed,False,,
d1b05614-5dd,True,2024-02-28 11:02:00,223.21
a5e1aecd-af6,False,,
62a72ace-f5f,False,,
fe773a20-e7d,False,,
2688bbcf-66f,True,2024-01-24 09:10:00,145.1
e5b43553-e0d,False,,
ba9dbd87-c01,False,,
19db1a59-ee4,False,,
d1d4e469-d16,False,,
e75dae39-cab,False,,
a57ee629-7af,False,,
381a59d2-ae4,False,,
ea7c72f9-8ed,False,,
bf1c5896-94a,False,,
09eea7ba-0a3,False,,
fbf97867-f08,False,,
70277bf1-058,False,,
2b4f774a-ae9,False,,
01ef6ff8-c1c,False,,
17d4536b-b45,False,,
b2bafe8e-0b2,False,,
e8958f3a-dec,False,,
e94cf407-6e5,False,,
b5632acb-ae3,False,,
169f62a4-060,True,2024-03-15 09:29:00,301.25
094e116b-a8a,False,,
6d249555-7da,False,,
8ad536d7-9ea,False,,
e5098afe-8fb,False,,
2719204f-e2a,False,,
82f9fd2e-48b,False,,
7e524116-3ee,False,,
35d0c81c-187,True,2024-02-01 10:40:00,457.34
f9467336-7f3,True,2024-01-31 03:33:00,436.73
66860b73-84d,False,,
c9ccdd38-f5a,False,,
6cd9a7f9-3f3,True,2024-03-09 07:11:00,424.51
49695eb6-8f6,False,,
e01c2df1-0f2,False,,
8e9a65ab-49c,False,,
27e30acd-3bd,False,,
0d508d3a-5bf,True,2024-01-26 03:26:00,262.91
a54f1087-b44,False,,
59684cd6-4e9,False,,
43b5cebd-0ed,True,2024-02-27 15:17:00,232.52
3dbbc48b-d32,False,,
fc6f941b-01d,False,,
2aa16906-57d,False,,
4bd04214-6a6,True,2024-03-15 07:18:00,289.5
63efea9c-faa,False,,
fa60589e-57c,True,2024-03-28 23:47:00,474.45
cc654c1f-87e,False,,
9ad448d1-1eb,True,2024-03-04 05:56:00,353.05
16d5783a-819,True,2024-01-11 00:38:00,210.47
a7f4b24b-63e,False,,
9389895b-a12,False,,
a36f3438-c55,False,,
141f9bbc-9ee,False,,
46daaa23-12c,True,2024-02-07 04:11:00,187.37
1ede560c-069,False,,
84d11ead-d3d,False,,
911da1bf-939,False,,
235d703c-a01,False,,
c31f7a80-c12,True,2024-04-04 23:33:00,250.98
ddddbfd6-f8b,False,,
200ab99a-8aa,False,,
a41c218b-767,False,,
7dec66e5-66f,False,,
abaaf9d8-4da,True,2024-02-17 23:32:00,409.51
c293f148-8f7,True,2024-02-19 02:45:00,409.5
4025b57d-c5b,True,2024-01-26 14:20:00,105.88
899298e5-7bf,False,,
3bf00c71-8f7,False,,
2a14a23b-20c,False,,
d9cb2a9f-f28,False,,
8e01709c-c1f,True,2024-01-31 02:09:00,220.37
509c4b6f-8d7,False,,
5d8add19-198,False,,
0b2c4e99-f72,True,2024-02-28 03:50:00,153.51
7486b930-fb3,True,2024-03-03 22:31:00,224.6
8f3aa107-725,False,,
44bb8d30-6de,False,,
ce7e0fde-098,False,,
2e9f11df-4c7,False,,
9dff03b3-42c,False,,
691d74a7-7f6,False,,
0f3e7f8d-4e6,False,,
2e61da42-ab8,False,,
d5282c60-7ad,False,,
38683882-fd8,False,,
48b91afd-4cf,False,,
d45eaefb-7eb,True,2024-02-11 11:15:00,338.76
f03b1024-f8e,True,2024-02-12 12:18:00,277.8
de09d8ea-e42,False,,
e45b643c-1e9,False,,
98990613-688,False,,
e25cce4a-794,False,,
59318b67-439,False,,
35d2b9df-ae9,True,2024-02-18 09:04:00,353.31
78a37e53-63e,False,,
b4324770-f9c,False,,
adfe9fcc-f0a,False,,
af35b17a-798,True,2024-01-21 05:17:00,341.08
1d28cae3-3d0,False,,
e597998f-019,False,,
1c9d8794-ef3,False,,
8e698cd8-a4e,False,,
aaf9ffd4-384,True,2024-01-29 03:06:00,242.72
ff856a49-d28,False,,
83f8c614-67e,False,,
707e2b1b-e33,True,2024-03-08 09:07:00,465.79
e3d9ea3b-ed2,False,,
b134797e-443,True,2024-02-09 22:17:00,233.05
13d61822-337,False,,
a0443b6a-4cd,False,,
8a82e07d-552,False,,
aff5a2ae-ce6,False,,
fd05dba7-baa,False,,
3c254897-f4c,True,2024-01-19 21:15:00,378.57
ef8ae5e4-b75,False,,
05183cf4-1f3,False,,
22c2199e-42e,False,,
5fc74dda-49e,False,,
9bb12766-e1f,False,,
4cb46660-ee0,False,,
22e9ec56-82c,True,2024-01-05 13:36:00,190.12
b33d2fc2-d1d,False,,
4dedf549-2a1,False,,
dcefd009-49b,False,,
2d7e61f7-745,False,,
abbdd887-e09,False,,
7c57e689-5bf,False,,
39639770-be8,False,,
81bca09b-4cb,True,2024-01-20 15:53:00,160.63
bba35365-002,False,,
3d67a97b-f3c,False,,
ae51c0fe-c29,False,,
4e6bc322-50c,False,,
28c2d13b-b5b,True,2024-01-08 04:14:00,99.03
fb0f2456-ff0,False,,
1ab735a4-7ef,False,,
3b1a64a5-2bf,False,,
1159088a-5fb,False,,
e60de17a-2e5,False,,
e5550fa8-de4,False,,
c421b584-5d6,False,,
38f1e8de-4c8,False,,
059505bb-134,False,,
d089dec9-989,False,,
f4e9d09e-3cd,False,,
d1ed04e7-af1,False,,
7820a59a-421,False,,
5a798570-36c,False,,
28f97979-210,False,,
c8e6dbc2-85a,False,,
43f0d531-fba,False,,
cc5fad24-411,False,,
b0a7a1f4-951,True,2024-02-15 13:13:00,471.8
2efef11f-2c4,False,,
1736fbbf-fde,True,2024-03-23 02:04:00,39.46
1798b3c1-1b1,False,,
6f413214-7b9,False,,
e54a0003-fcd,False,,
ae351937-9d2,False,,
6a42699e-723,False,,
32f6d2fa-83d,False,,
e87d821c-4ff,False,,
3b736ea5-61e,False,,
34c325ce-42f,True,2024-01-30 18:38:00,128.36
ea125a92-50e,False,,
def5e467-1b1,False,,
ce2dc3fe-207,False,,
cbd13b4f-e19,True,2024-03-01 11:33:00,305.5
450fbf90-1d9,True,2024-02-19 01:36:00,435.69
5895cd11-351,False,,
77ebafd6-920,True,2024-03-12 16:00:00,225.69
b2b17188-88c,False,,
7c65a357-093,False,,
a2a2c8d5-7dd,False,,
86d5be86-474,False,,
d94c3e30-0d0,False,,
51c087c6-1e8,True,2024-02-20 09:02:00,80.68
d69e10c8-b4d,False,,
37427688-45e,False,,
99699627-b1e,True,2024-02-04 03:24:00,388.62
d787c8d1-cfb,False,,
f7c13b95-08a,False,,
d66faad2-2f8,False,,
7a33ac38-48b,False,,
834d9546-186,False,,
f03a8f88-8d1,True,2024-03-17 14:18:00,437.9
a69aa872-677,False,,
c83130d8-3d3,False,,
36513f9e-cd4,False,,
f1f18045-57d,False,,
851f9749-0ce,True,2024-02-07 15:59:00,191.18
46912699-ed4,False,,
39356122-ac3,False,,
254f49c9-e96,False,,
88356132-3b8,False,,
11ed1cc5-920,False,,
cdc86c9d-8fa,False,,
681201ac-e22,False,,
44487273-dc9,False,,
000bd7c7-9b9,False,,
70d95a2d-57e,False,,
9bfdf871-8a2,False,,
801837e8-159,True,2024-01-22 08:40:00,429.92
d937affd-7e0,False,,
ee1f2038-ea2,False,,
d48adc2c-187,False,,
8d7c4212-4cb,False,,
ca0ef0e2-3f9,False,,
3c38232c-cad,True,2024-01-29 13:38:00,326.62
856fc431-25b,False,,
30f4047a-bf4,False,,
cdc493f7-f00,False,,
1ca4ce63-7a8,False,,
b74b0295-f3d,False,,
e23349b2-329,True,2024-02-03 19:37:00,77.67
6c3f34e5-3a4,False,,
a8faa845-0f1,False,,
f7cc3ca4-bfa,False,,
dbc3e5e1-d76,False,,
861916dd-ee7,False,,
4514d1ac-a8b,False,,
f4e51d64-cb5,False,,
e9cb13cc-f9f,False,,
68fdda0c-7a0,False,,
81d14e17-aeb,False,,
fea04475-2fe,False,,
31a3cc53-003,False,,
d20aea6c-942,False,,
9628c1db-9c2,True,2024-02-21 20:00:00,250.65
99231e1c-5f0,True,2024-03-27 04:14:00,379.29
e27c33d5-5b2,False,,
656a8ca9-d27,False,,
03a06229-cad,True,2024-02-08 00:34:00,136.74
6e199216-47a,False,,
b599f745-075,False,,
4ae973d5-d8a,False,,
21b2b820-6da,False,,
7439df67-d6f,False,,
eaef28d5-5a8,True,2024-04-02 23:17:00,184.54
35930418-248,False,,
b82451c5-8de,False,,
887b7212-12c,False,,
de5a87a3-00e,False,,
6d8a1c41-a3e,False,,
41077942-703,True,2024-03-18 04:58:00,427.14
a08f1324-92d,False,,
994e0e11-d07,False,,
9c31c114-802,False,,
3a1e4a68-707,False,,
1aca3b7c-d45,False,,
38ca0611-0de,False,,
d76b5389-b8a,True,2024-03-05 12:44:00,428.2
d18ff420-665,True,2024-02-16 06:14:00,189.66
eeabc420-8b0,False,,
559fe1e1-1a5,True,2024-03-09 02:11:00,115.43
64f026c6-472,False,,
f8907729-6f2,False,,
3ff3aaf3-a7e,False,,
09f5496c-b33,True,2024-03-28 12:19:00,392.29
1223f228-e8f,True,2024-01-11 14:11:00,64.28
989b7764-890,False,,
f4de46fa-386,False,,
814a17d4-f73,False,,
72c92fb6-c3b,False,,
fc0139df-621,True,2024-02-04 02:35:00,124.36
8fcca5c2-8cb,False,,
fd010f8e-0b8,False,,
215f3ab0-3b7,False,,
2fcc4753-bf0,True,2024-03-12 09:43:00,241.34
39e15966-465,False,,
b51e810d-a5d,False,,
154614ec-59a,False,,
1a1b5184-f6a,False,,
2a173609-720,False,,
8d3a38b8-e7e,False,,
77cf489b-b8f,True,2024-03-23 05:49:00,467.53
cad714d1-b7e,False,,
33f65a0b-bb9,False,,
fd711181-976,False,,
ee7b82e2-a2c,False,,
479cf815-d0b,False,,
cfe05fbc-013,True,2024-03-19 12:20:00,120.53
7440ff06-bc8,False,,
bd9905a6-dec,False,,
12b65536-9f4,False,,
9a97414d-0cd,False,,
d916f946-7a2,False,,
55d8cb4b-c90,True,2024-02-20 00:27:00,100.98
d5e7b89a-40c,False,,
834e2291-a0c,False,,
8e365911-07e,False,,
e816e4e1-6f9,True,2024-01-21 18:50:00,453.86
ef53b3bd-de6,False,,
40818416-bae,False,,
3ba5e44c-651,False,,
9a5c7548-e92,False,,
a7d7a350-5ec,True,2024-02-07 17:30:00,178.17
b63d8085-0e8,False,,
0289907d-eca,True,2024-02-15 14:10:00,136.87
aa263af4-490,False,,
7d34d7a0-088,False,,
df707dd7-16c,False,,
cfc7d9ac-a58,False,,
c8ad5711-f50,False,,
f44bd6ea-97c,False,,
06da1aec-12d,False,,
9500904f-717,False,,
8aac03e8-5ca,False,,
fb621f21-819,False,,
344909ea-d31,False,,
ad6c37da-b34,False,,
72e0c107-a02,True,2024-01-11 21:45:00,259.9
b1de2093-0e1,False,,
d1251a70-ebe,True,2024-03-10 00:44:00,191.28
d1ce9bdc-0f8,False,,
f02e277b-81f,False,,
4a3c196d-06b,False,,
9114b6cc-485,False,,
7c51b2bc-e1d,True,2024-01-23 14:51:00,77.71
1303ad1e-880,True,2024-03-19 16:57:00,328.36
5358ba19-6d2,False,,
02ece27a-547,False,,
a31f9d70-08f,True,2024-01-12 06:28:00,205.45
e9b23219-1e2,False,,
44e4fd66-5ad,False,,
8c5dd29e-5f5,False,,
ff3acc98-5fc,False,,
802caf4c-8f6,True,2024-02-28 20:10:00,165.18
07ed974b-949,False,,
29e71595-39b,True,2024-02-10 08:40:00,441.12
fb42db24-cd1,False,,
c222b0ef-b40,False,,
1afc43a2-ada,True,2024-02-20 06:17:00,325.2
73d42cfb-dfd,False,,
3b625bb9-981,True,2024-02-13 09:27:00,133.6
1837dc96-6cd,False,,
76a2740f-271,False,,
433b6239-c6c,False,,
e2f73a19-152,False,,
4296cc11-530,False,,
0f4174e4-d3f,False,,
bb8b9cac-294,True,2024-01-16 14:35:00,369.9
4c2bdee7-add,False,,
7a378ef1-604,True,2024-03-02 14:15:00,363.79
45bfb082-fe0,False,,
51530713-31a,False,,
fd78ba2b-c72,True,2024-03-05 04:01:00,148.86
b787136e-0bf,False,,
403a2fe2-bc9,False,,
b36366b5-f3b,False,,
8d2ce86f-c73,False,,
944f2841-8db,False,,
2ecb1a39-8d1,False,,
f4d97343-e59,True,2024-01-23 11:07:00,258.65
463b3f55-e2e,False,,
764e2878-d84,False,,
d150f13f-90c,True,2024-01-29 10:42:00,410.82
89ce0708-94e,False,,
9a2f80fc-073,False,,
0e7fda1f-9d0,False,,
17a9aff3-c4e,False,,
ba9ad1c4-095,True,2024-02-14 07:32:00,479.81
c597d358-c36,False,,
c8b21cf6-804,False,,
d161bbbe-c1c,False,,
40e1be88-174,False,,
ebb62791-55e,False,,
f7002368-18c,False,,
bcb22a3b-f42,False,,
6c6ebe97-5bc,False,,
29cb69e2-8f0,False,,
1471010e-3c1,False,,
03efd8dd-046,True,2024-01-13 18:08:00,290.17
9e7eea6e-f2b,False,,
2c8b1f5c-d20,False,,
11228278-7c0,False,,
1daebc78-0b5,True,2024-01-23 23:45:00,376.78
04316345-c08,False,,
df6fb0b3-003,False,,
f423f331-140,False,,
3e48e0e4-67c,False,,
0baa2676-a32,False,,
217c194c-e91,False,,
eb210800-a0a,False,,
f3db9872-466,False,,
3339202e-929,False,,
d130001f-a15,False,,
8ca96043-adb,True,2024-02-04 19:34:00,50.75
fc380ad6-57f,False,,
b860697f-f27,False,,
e309e1fa-403,True,2024-01-27 21:27:00,421.79
da4910a3-680,False,,
a2db0640-cbf,True,2024-02-02 13:11:00,161.2
2df2eee4-651,False,,
09f26fb6-256,False,,
f6e4f55f-91d,False,,
1a178e4f-cbf,False,,
72dba8da-38f,True,2024-01-02 22:01:00,69.3
f119fbad-d5d,False,,
ef31d913-381,True,2024-02-20 15:02:00,249.63
ac547ea2-d73,False,,
ac22e6e6-009,False,,
8e4bb602-adf,False,,
45a80556-a73,False,,
08e1949d-5c6,True,2024-03-06 04:23:00,232.51
9f49b7c6-e6d,False,,
7a58cfa7-df0,False,,
3452f3c2-2c4,False,,
8f729d1d-5d5,False,,
f20c3787-539,False,,
4d913cba-ad7,True,2024-03-17 23:56:00,285.85
1c4e27ae-e6c,False,,
41983b08-cf8,True,2024-01-24 00:37:00,395.95
528c679a-970,False,,
19541bc1-96b,False,,
e802d594-541,False,,
df5a144f-1f6,False,,
c882ff18-124,False,,
6771cf1b-fc6,False,,
c3e5e859-526,True,2024-02-17 00:38:00,268.47
8d27e161-e55,False,,
e9ee23d0-eea,False,,
4e97fe9c-c64,True,2024-03-25 16:08:00,385.79
c17f86b6-08e,False,,
0d4b1b6b-572,False,,
c982da6d-389,False,,
39b54e70-c9c,False,,
e402f670-5dc,False,,
78496fe9-c99,False,,
08bc0030-7e4,False,,
9c20f220-29e,False,,
0c34d483-bbc,True,2024-01-18 17:59:00,34.99
ca077b02-efd,False,,
e99f2413-f86,False,,
afe51520-a10,False,,
76b0cd9a-ef8,True,2024-01-21 18:34:00,78.09
893002fa-2d8,False,,
163724c3-487,False,,
34b3fd15-8d3,False,,
7dce71f0-554,False,,
b8e73f5c-93d,True,2024-03-29 13:46:00,268.45
9ed2b9d1-d9f,False,,
b599cb36-8c3,False,,
73720db2-b83,False,,
4f0b72d9-59b,False,,
07bf494a-dca,False,,
21cc6975-70e,False,,
8a6ccc6d-36b,False,,
4b577d7a-d2e,False,,
627c746e-709,False,,
30342ba9-d8d,False,,
ed287a64-bef,False,,
1813fbf9-fd1,False,,
311d2a66-6ce,False,,
94d95cc3-663,False,,
0d7df136-d01,False,,
2d5714ec-5ad,False,,
3c51dbec-735,False,,
e5fac791-8e7,False,,
c652f5af-d51,False,,
ef2b2880-86f,False,,
8088a543-7bc,False,,
3b202e49-6b5,False,,
93794f2f-ab2,False,,
88bfbf72-0d2,False,,
9521ecf2-0d3,False,,
ba0d7e52-4e4,True,2024-01-25 07:12:00,47.39
97a4dc2c-2ee,False,,
f2b39c03-444,True,2024-02-07 12:53:00,410.91
27823030-a38,False,,
1f6ac64a-3c8,False,,
cbf7d4da-66c,False,,
0d303eaf-b1d,True,2024-02-16 20:28:00,449.72
c5fe3198-3bc,False,,
d1897417-bd6,False,,
f4dfe5e8-2f2,False,,
48e44647-489,False,,
30a305ac-6b5,False,,
af59b198-a86,True,2024-01-30 08:25:00,77.07
85c1e896-436,False,,
8d14b57a-ec7,False,,
2b392471-6e1,True,2024-03-05 19:18:00,458.62
749c5537-505,False,,
64fa7da9-661,False,,
94c5f043-939,False,,
7a369875-ba2,False,,
a22184ea-152,False,,
b83cab40-193,False,,
8b7fdc45-112,False,,
e3c69d79-01d,False,,
ce50d456-f53,False,,
a5d65847-42c,False,,
b2cf780d-bc8,False,,
6aa736fc-da7,False,,
1b6cdd32-9ac,False,,
d67e8e59-777,False,,
fd5bf5ce-6a9,False,,
358eb237-83e,False,,
438f0368-558,True,2024-02-19 13:03:00,153.19
6283dc15-4c4,False,,
f1394e73-9a5,False,,
56b38b45-538,False,,
1db7fe9c-6e8,False,,
dd7d97cd-91c,False,,
b6591557-577,True,2024-01-15 16:16:00,190.8
3bda858f-741,False,,
dfd83576-440,True,2024-03-29 06:09:00,164.16
08fef475-525,False,,
3c1ce481-53d,False,,
a2508809-786,False,,
91e31a3f-0d7,True,2024-02-24 14:45:00,80.35
463e6dd7-183,False,,
2082469f-9ac,False,,
78464f52-2b7,False,,
da5b074f-ccc,False,,
1cc79e13-eba,False,,
fd084b19-2f8,False,,
6823c73b-68f,False,,
c9198b31-dd8,False,,
99fb91ce-880,False,,
6a684714-556,False,,
14b67625-14d,False,,
e08d21b3-92f,False,,
f8d05b36-c9f,False,,
577fe6f6-8cb,False,,
7d323975-84c,True,2024-03-26 22:16:00,142.96
dd336857-9ab,False,,
d8bf2784-dd0,True,2024-02-17 14:56:00,491.09
210a3475-e9a,True,2024-01-29 22:18:00,404.79
ee7ed472-4d8,False,,
5ebd29df-e8a,False,,
9e626e7d-d66,False,,
f99318eb-906,False,,
f99e9175-995,True,2024-02-16 22:28:00,55.36
d5bc3d02-0d1,True,2024-03-27 10:13:00,456.05
30152469-6e3,False,,
71df2b41-07a,False,,
bfded370-dcb,True,2024-01-07 10:56:00,481.12
2bfde500-b28,False,,
a158a1a5-96f,False,,
6d31892e-96e,False,,
eab736c2-e62,False,,
71a72885-9a4,False,,
f8a606e6-18c,False,,
da13a281-591,False,,
c3c1c49c-3a0,False,,
165bfb16-607,False,,
2c08c970-ced,False,,
7887b197-b12,False,,
2330887a-24b,True,2024-03-11 02:26:00,359.51
56d4d175-6fc,True,2024-03-26 08:25:00,350.62
7e76fa3e-b46,False,,
209ac0aa-956,True,2024-03-13 08:15:00,415.94
f01e2470-6de,False,,
a7790bab-05b,False,,
fb1d353c-205,False,,
afbccc8a-32c,False,,
c262a77d-c78,False,,
0d612b59-2cd,False,,
a9bb7473-947,False,,
2d154ace-a6c,False,,
62c396ae-ec5,True,2024-02-21 08:41:00,146.46
da5e5228-0e2,False,,
a9a05c9b-183,True,2024-03-29 11:58:00,467.99
a9740290-ed8,False,,
b2a05f0b-ac1,False,,
b5257a9a-6bc,False,,
1ac490dc-df3,False,,
040949c0-9ca,False,,
bc8c5c10-c57,False,,
0ddb8dea-83b,False,,
93f68d42-0b9,False,,
05222cc4-219,False,,
2418858a-4c0,False,,
311dfab5-1d1,False,,
8474001e-25e,False,,
941a81bd-7bf,False,,
6a5170e5-350,True,2024-01-28 16:30:00,107.53
2eb78ff8-6b9,False,,
71807b31-64c,False,,
5c523e30-298,True,2024-01-10 13:52:00,448.54
c7d7a479-905,False,,
a8d04490-da8,False,,
06e3b86b-1bd,False,,
d1090352-82e,False,,
498375b6-bae,False,,
0622d628-60a,False,,
b08af044-e0d,False,,
ff2b01d0-af8,True,2024-01-03 04:46:00,296.28
73f558e1-d0a,True,2024-02-15 06:46:00,186.65
7a34de3f-f81,False,,
52160cb6-4af,False,,
222d1301-e80,False,,
6a1fb025-2a5,True,2024-02-13 15:28:00,248.92
0edc4192-3fc,False,,
4481a2a8-550,False,,
70b0dfef-a6f,True,2024-04-01 20:23:00,66.76
68e6eeae-b8e,False,,
08f150ca-85c,True,2024-02-07 23:51:00,72.7
01712bd1-aee,True,2024-01-26 12:23:00,136.86
72158689-73f,True,2024-03-30 07:31:00,242.13
2c7d7e80-8fd,False,,
e4c6da96-20c,True,2024-04-03 05:38:00,262.17
12e1750f-1b7,True,2024-03-05 00:23:00,100.33
2fd16e3a-63d,False,,
0d30fe78-793,False,,
34b5552f-8a2,False,,
f904bc61-d46,False,,
c15a37cc-4e7,True,2024-03-22 14:42:00,333.49
f21dc3e1-5a4,False,,
819807a4-b55,False,,
8f6b51b8-304,False,,
f742884f-cd3,False,,
501442de-db3,False,,
b40e384a-50b,False,,
fd961307-73c,True,2024-01-06 05:42:00,390.62
5aa9ca98-77e,True,2024-02-20 05:52:00,468.76
6f0f1a79-10b,True,2024-03-13 13:57:00,267.65
94bdbf0d-5b5,True,2024-03-26 14:47:00,278.32
6156a69c-777,False,,
921b284d-08d,False,,
faa8d8e1-5d8,False,,
b6f55532-3e8,False,,
5c1baeee-dbb,False,,
113a80fe-ef2,True,2024-02-22 12:18:00,38.49
b1a7f22b-b93,True,2024-03-13 03:35:00,492.59
12cac099-f38,True,2024-02-28 21:25:00,333.16
94832f18-f5e,False,,
61226eab-ffc,False,,
e4013279-ed2,False,,
44ffd2a3-417,True,2024-01-20 20:41:00,236.59
3f2d9f2f-dca,False,,
97ad1755-814,False,,
54f34586-440,True,2024-03-17 07:25:00,474.85
2223eda3-51b,False,,
c9b723b8-dcf,False,,
892171cf-fb1,True,2024-03-17 11:39:00,61.27
4ec4d7ec-fad,False,,
9757e53e-d96,False,,
62fde1a9-9e7,False,,
7adedbd4-9bf,False,,
96e13a7f-980,False,,
3ec1cfe8-e1a,True,2024-01-29 12:59:00,306.75
feca0f40-a4a,False,,
d99c3053-51e,False,,
e0048bf6-8b7,True,2024-03-22 04:33:00,426.01
cbba4850-8ae,True,2024-01-10 14:46:00,415.39
692101d5-444,False,,
69bdc7b8-283,False,,
1c9a3baa-65e,False,,
95c70ad5-637,False,,
735c633d-6d0,False,,
63ba8f58-260,True,2024-02-05 01:56:00,129.71
58787bff-c23,False,,
83ca5a71-0ca,False,,
67395ae7-c2a,False,,
f074def7-20e,False,,
5d567a95-5bb,True,2024-02-25 18:20:00,465.48
935b71d4-8d6,False,,
a6009673-a1d,False,,
215371be-93f,False,,
d2beac40-201,False,,
3db6b695-412,True,2024-01-24 01:45:00,354.04
82cf1a71-aaf,False,,
6d26cbb2-900,False,,
93723ce2-c51,False,,
9428bd10-f12,False,,
98e24ca0-f38,False,,
7c0915cb-96e,True,2024-03-10 09:15:00,492.12
79465d20-6cb,False,,
454ba184-069,False,,
867ca131-5fb,False,,
80d1640c-a28,True,2024-03-03 21:07:00,303.27
cdb692ac-1eb,True,2024-02-25 09:46:00,445.89
b42cdfcd-e62,False,,
8d329bc5-263,False,,
df4191df-adf,False,,
f98b986e-207,False,,
e53ff33b-e55,False,,
cd91da16-62a,False,,
f7008518-178,False,,
cbf57729-a00,False,,
de0c1fb5-e0c,True,2024-01-13 07:50:00,223.44
ddb2d3ce-1bf,False,,
6f612191-62b,False,,
743d1f63-c37,False,,
62774cf8-c6f,False,,
43ff3e32-5b2,False,,
d08c2b8a-22f,False,,
6c7f59dd-807,False,,
6fbfca18-92e,False,,
d04e1410-8d3,False,,
decb6aa6-532,False,,
0e891512-7e1,False,,
c47914c3-a25,False,,
3841fa30-945,True,2024-03-24 03:38:00,419.18
539a8f29-964,False,,
11803522-663,False,,
3f8cab56-2a4,True,2024-02-26 15:49:00,123.03
d5b6ed8d-19d,False,,
c45a05a1-1b9,True,2024-02-02 06:51:00,130.24
e3a4d6ec-455,False,,
1b9bbe93-114,False,,
6e4d4eb0-5bb,False,,
5798180f-365,False,,
5de210f1-358,False,,
47b171a5-c11,False,,
1ec35b62-037,False,,
d856a2f1-225,False,,
5eb0b8b4-323,False,,
d72d3862-bc6,False,,
287c1b08-743,False,,
5a256ebc-e5d,False,,
18323aef-557,False,,
3d9770d2-61a,False,,
8c263ec4-54c,False,,
bdeb8291-630,True,2024-02-08 00:02:00,128.07
05161e77-8b6,False,,
6d8cce43-5c6,True,2024-02-16 05:34:00,105.22
0d847791-cc6,True,2024-02-23 11:13:00,154.43
cf8d5320-e7b,False,,
54f1f62c-bcc,False,,
fadae8e2-077,False,,
898e702a-189,False,,
cbfde881-c94,False,,
ca3eabc8-cc1,True,2024-02-04 18:03:00,383.13
a427ad54-e5b,False,,
98dc00f2-285,True,2024-02-01 19:27:00,410.06
2feb3afb-203,True,2024-03-15 08:03:00,361.41
ea8261f1-1a4,False,,
aa255f75-376,False,,
071ce46d-1f9,False,,
46ee7ef8-58b,False,,
a1a8eb0e-968,False,,
2c24ad86-058,False,,
66bcaac1-3a6,False,,
6929fd83-833,True,2024-04-01 00:45:00,53.44
7373fd42-4c2,False,,
03bb1c3b-ee4,False,,
1e2df8bf-967,False,,
e0519b62-7c8,False,,
10ddc819-81c,True,2024-03-20 02:27:00,471.17
f51e8910-b36,True,2024-02-19 15:20:00,77.03
b92b27fc-a6b,False,,
f4db52df-df2,False,,
5552bc63-512,False,,
79ea695d-6e9,False,,
b4391a5f-746,False,,
ba23f705-691,False,,
ea745e63-654,False,,
d58c7914-bee,False,,
361a517b-55e,False,,
4dc1b3d3-cc5,False,,
05a52b88-caa,False,,
57317e6d-5aa,False,,
038a254e-f1c,True,2024-02-21 01:44:00,248.97
f08c1ff5-902,True,2024-03-05 00:12:00,83.78
0b01e4fd-f69,False,,
eb1f5ed9-fd1,False,,
cdd7b220-d91,True,2024-02-27 13:34:00,470.41
849f132e-a16,True,2024-03-22 12:40:00,331.69
e71c3313-972,False,,
a11a1eeb-eaa,True,2024-01-24 09:02:00,134.47
04958e17-f52,False,,
60dbd7fb-f41,False,,
95176b54-679,False,,
e4569647-905,False,,
18e9c16c-327,False,,
ee686564-edb,True,2024-01-04 09:46:00,132.32
3705ef47-5ac,True,2024-03-07 04:57:00,250.93
67bee9f5-642,False,,
10b0430f-543,False,,
cdca8548-341,False,,
f0e6e743-96a,False,,
8f341c1b-2c6,False,,
14e80001-fd5,False,,
934bc89c-923,False,,
f08af50a-ba3,True,2024-02-11 07:20:00,355.15
b4ef2eb8-73a,False,,
bf1df318-362,False,,
e4a04b43-6f3,True,2024-01-02 22:19:00,85.09
16bf6cea-635,False,,
9b08ef38-101,False,,
90c504f9-c6a,False,,
41a38f7d-332,False,,
23d4a6a0-dab,False,,
f8563415-60a,False,,
3b971636-265,False,,
92f77ebd-352,False,,
2b1a76b8-95e,True,2024-03-03 06:58:00,218.59
e3a2f073-783,False,,
d523dbcd-19d,False,,
4ca44737-a47,True,2024-02-01 22:12:00,385.77
1f39c423-0d9,False,,
83799116-64f,False,,
55ffc880-45a,False,,
c39e0204-a4f,False,,
17474916-54e,False,,
e4578656-9f2,True,2024-02-20 23:05:00,329.49
80bfe7bf-3a3,False,,
0545faa3-fec,False,,
5b6a5ebe-cf2,True,2024-03-18 07:43:00,300.35
a0f1fecc-73b,False,,
6040dcab-ac9,False,,
738e2071-c99,False,,
21b77c32-838,False,,
0dc3bbcb-346,False,,
dd1a113c-af6,False,,
a1f779d9-bf6,False,,
68d67cd5-45f,True,2024-03-16 13:46:00,299.62
8e38a137-cf1,False,,
a17aa421-2fd,False,,
e72c8508-c57,False,,
50d9af4a-6ca,False,,
1f7672f4-218,False,,
edaf10f6-521,False,,
abb72d50-626,False,,
bc26f77a-dec,False,,
e931250f-c46,False,,
65334398-86b,False,,
676b21c5-c2c,False,,
6c764a8e-4c8,False,,
58925ffe-afb,True,2024-02-09 12:48:00,170.59
0cd5cf46-87f,False,,
d9aeb568-7dd,False,,
b7dc213f-c37,False,,
e184db91-7f5,False,,
4faf03ff-26d,False,,
c4aef38c-3b4,False,,
011536db-93b,False,,
bb0cf00c-19e,False,,
e5a84ebe-b73,False,,
4bb77352-d04,False,,
683dd6b9-021,True,2024-03-13 16:41:00,270.04
d783831a-3b7,False,,
a34de6aa-a67,False,,
747a3c74-715,False,,
92921519-9b1,False,,
08ef4ab1-621,False,,
0d0c5b73-c64,False,,
0ce48d10-9be,False,,
2557b8ab-109,True,2024-01-28 15:13:00,267.83
32a30f13-d10,False,,
1b95d7a1-f79,False,,
8bfa6ecb-bb7,True,2024-03-03 19:07:00,237.71
55512896-542,True,2024-01-23 08:42:00,358.54
134c4e04-902,False,,
c28abfd9-b15,False,,
6960ed22-9b7,False,,
eb48e274-22a,False,,
15c49db4-bc9,False,,
e059fcf4-86f,False,,
8b455037-9c1,False,,
0182789a-e4e,False,,
9d05c012-811,False,,
cfceed6e-76d,False,,
22fc7661-4f2,True,2024-02-13 16:03:00,369.84
1f98692c-5cf,False,,
518babca-a7e,False,,
018c1b71-4dc,False,,
29140687-a98,False,,
f03238a5-616,True,2024-01-27 06:14:00,120.44
d2106b84-7ae,True,2024-01-29 05:47:00,146.32
ce44d9ac-aec,False,,
930db0fb-552,False,,
018dbb27-2a5,False,,
468acaf8-aec,False,,
38b1616e-fb0,True,2024-03-03 21:18:00,184.4
786cffe2-e52,False,,
88a4185e-741,False,,
38a32cca-769,False,,
a008f1c6-b88,False,,
d664d855-a3f,False,,
ff209e50-126,True,2024-02-25 09:02:00,286.37
cc276e9f-5e4,False,,
2fae7a42-83a,False,,
4f739bfa-9c4,True,2024-04-02 02:18:00,92.27
61660509-e11,False,,
c0545410-20a,False,,
c94b01f7-972,False,,
4506d45b-56c,False,,
4b1e8951-fdd,False,,
81bb1d9d-df3,False,,
7645825c-d75,False,,
20e6563a-39c,False,,
c66f7c57-0a4,False,,
0941cad0-0f9,False,,
41efc025-a14,False,,
019a5485-585,False,,
d40a5ab7-9e4,False,,
350ddb3b-ee2,False,,
c1e4101e-e66,False,,
941a734a-4a8,False,,
f302339f-4d5,False,,
7b12b5fd-277,False,,
2b7e0303-943,False,,
69d2c51c-c97,False,,
726fbd3d-c69,False,,
78428a9e-a31,False,,
914cd856-a87,True,2024-01-22 07:00:00,371.66
59791c24-789,True,2024-01-31 09:21:00,237.3
4dd95e54-13d,False,,
c36cee90-5c6,True,2024-01-25 01:26:00,404.65
182e7ebf-603,True,2024-01-21 04:04:00,207.91
3269ac91-7b8,False,,
a97d2bde-92f,False,,
086d148f-9cf,False,,
080f6a85-514,False,,
5c36b2fa-28f,False,,
70aee1f8-243,False,,
824962da-9c6,False,,
65a545ca-0b3,False,,
edc32b18-2c4,False,,
d0b9ef31-d15,False,,
9698cc89-767,False,,
ed380f7c-afe,False,,
f29b8eb6-8df,False,,
fa201679-f92,False,,
08b0112f-e39,False,,
7ddd61d7-73d,False,,
8bde7293-505,False,,
2ec95ce0-b68,False,,
85149e9e-488,False,,
83d047bb-f52,False,,
3ca2d75f-c6e,True,2024-01-19 01:52:00,96.17
f54aef7c-c8f,False,,
1dcefe42-754,False,,
8ae4e445-9ab,False,,
1611046d-689,True,2024-04-01 22:53:00,34.18
a8e7a09a-5d0,True,2024-02-25 12:30:00,414.54
48ddeefe-1cb,False,,
de266a73-90d,False,,
684dce95-e11,False,,
9b865bb3-289,False,,
7ead0843-7b0,True,2024-01-12 22:14:00,226.05
6f29411e-50f,False,,
a21d15f5-dd3,False,,
b0a4d1f5-7ea,False,,
068a9d30-4e7,False,,
751f8f03-0ba,False,,
5ebdc2fd-706,True,2024-02-26 14:18:00,409.95
7d6ca5aa-692,False,,
3fab7652-916,False,,
c409b165-d86,False,,
6294d929-f42,False,,
dd0966cb-072,False,,
fef31999-d88,False,,
f49bca00-6fa,False,,
7a3d9683-cca,False,,
f60ffa5f-ad5,False,,
a6836aaf-897,False,,
82115b26-d2b,False,,
6bab6ef6-097,False,,
a0698263-542,False,,
33c4caa3-d2e,False,,
bfafd392-f9b,False,,
77357652-a35,False,,
a5dbf1b7-6b3,False,,
38ee0e19-898,False,,
d7840389-f16,False,,
edd825a8-3be,True,2024-02-01 10:02:00,368.91
dc7ee5f2-204,False,,
16b5f8b2-f3f,False,,
73d4cc39-44f,False,,
f3d3c270-5b1,False,,
d44d88e8-f8f,False,,
f9fc5e1b-399,True,2024-03-10 23:39:00,205.38
fe7a9b0d-23b,True,2024-02-06 07:35:00,318.06
5e8e51e9-3bd,False,,
f8aea0d5-30a,True,2024-01-29 17:32:00,65.48
7dee1237-0aa,False,,
e68a4d03-706,False,,
bdd03918-1ba,False,,
6143f198-bd6,False,,
369ae2a5-a53,False,,
292edeaa-451,False,,
5ca8f458-1be,False,,
7c65cad2-72e,False,,
d05d07e0-59f,False,,
0f0bb3b9-f5e,False,,
5185234b-a61,False,,
319d8a5e-313,False,,
1a399efa-705,False,,
cf53b4d8-797,False,,
8d582271-fdf,True,2024-03-25 19:19:00,132.41
5dda6e75-fe7,False,,
05a29f1d-9a9,False,,
d8422fc4-ed3,False,,
a68bb7b2-f76,False,,
119351e0-15a,False,,
b0c00b76-999,False,,
42178824-433,False,,
d6eae751-e77,False,,
5642b745-6da,False,,
48a96981-b69,False,,
84556817-3a7,False,,
4d490a00-92a,True,2024-01-26 12:27:00,270.81
728ac50d-2ca,False,,
ea93d280-30d,False,,
b6b386df-6ef,False,,
dd3d6bff-a64,False,,
ade1e672-c2f,True,2024-01-28 14:06:00,255.79
a82ea165-817,False,,
10ad55a0-258,False,,
03c22442-87d,False,,
fb5947cc-213,False,,
cb35076c-6e5,False,,
40fa1de5-4d8,False,,
7b7902bd-0d6,False,,
85dc9374-ee2,True,2024-01-11 22:53:00,240.78
ae7db422-9c1,False,,
83651f26-67e,False,,
9f35de1d-e6b,False,,
2d1444f9-8dc,False,,
572a19d3-9d7,False,,
11fdddfd-032,False,,
d97aa4bb-b2c,False,,
ad748cf1-8bc,False,,
a02d7f06-0eb,False,,
3c9e13d4-c97,False,,
094eee0d-4b8,False,,
7665e78c-52d,False,,
54157bd5-40b,False,,
3181257a-42b,False,,
1e596288-2f3,False,,
c98fa546-325,False,,
c604fd21-c74,False,,
f12aa54b-791,False,,
58000c8d-79a,False,,
216c3e9f-ac6,False,,
6a9c86ea-1f8,False,,
a67ad9ae-84a,False,,
35068d35-529,False,,
5ad7085a-732,True,2024-01-24 11:54:00,153.83
deb2dc61-17f,False,,
9450d588-af7,False,,
81b8ab16-b79,False,,
66005e21-25e,False,,
04da6a67-599,False,,
9a262a15-8b7,False,,
f6251f94-412,False,,
195893cd-6bc,False,,
cfb253f7-4bd,False,,
bc8e46f0-145,False,,
ee353186-5dd,False,,
a9589bef-4bf,False,,
b6dac3f6-bb3,True,2024-02-12 07:23:00,217.58
abdb0cc1-4f7,False,,
32cc1f0f-e8e,False,,
07d7e7d3-5b6,False,,
04962a2b-4b0,False,,
6699b072-a7a,False,,
29368940-efd,False,,
c3ae2e82-7a2,False,,
dc4aa0d2-c27,False,,
0a8f0aed-390,True,2024-03-31 07:13:00,238.69
cbfc1fff-299,True,2024-01-16 07:18:00,194.16
d3e0a915-ead,False,,
ffa13504-c5b,False,,
e80e8587-9b2,False,,
f4f4b75b-392,False,,
21583a8c-f39,False,,
4a7caf10-faa,False,,
610b5e19-e7f,False,,
ce26833d-555,False,,
c6c845a6-b73,False,,
e29bacad-7b5,False,,
e6c6fc57-282,False,,
b5300c21-806,False,,
c5f2fb8d-c24,False,,
4ed5ede2-522,False,,
73ad0a8d-e2d,False,,
192a1dfc-67f,True,2024-02-25 16:00:00,123.51
092d034d-bc1,False,,
9bb10cfc-118,False,,
b7a942d2-140,False,,
7cfd3f76-5a6,False,,
75cab16e-ebd,False,,
c093d79f-809,False,,
9a7ef9ad-810,False,,
7c4ac0c5-47e,True,2024-03-14 14:23:00,226.6
2908bcb8-842,True,2024-03-16 12:33:00,378.56
c404b88e-76e,False,,
40bd4cad-bd1,False,,
6d78b645-0d3,False,,
73410851-d37,True,2024-03-13 07:12:00,54.38
cfebea50-a4f,False,,
81bc0ecd-c2b,False,,
e231cc3d-e3f,False,,
5a0077b4-7a8,False,,
f952bdbd-c47,False,,
8c9926db-7a3,False,,
51b4d86c-bee,False,,
d09156d9-201,False,,
06e6b709-03d,True,2024-04-03 12:03:00,457.01
ccd08c16-42d,False,,
a39e3f30-8e6,False,,
fcf05115-078,True,2024-03-01 18:21:00,308.88
0c7139d6-95c,False,,
00408a73-151,False,,
f6eb161d-c24,False,,
c0e7501c-7ee,True,2024-02-06 10:57:00,134.71
d761f0ed-2f0,False,,
400a144b-071,False,,
b022a751-d91,False,,
05ee9b3d-5ad,False,,
d00ed433-893,False,,
3c4423c1-cf9,True,2024-03-26 03:25:00,311.37
5b1c4525-841,False,,
ca4e61c2-794,True,2024-02-02 06:45:00,103.91
c98ec850-222,False,,
933ee7aa-79d,False,,
7c9d4983-ee6,True,2024-03-18 02:37:00,416.47
5554270d-6c5,False,,
fb1d3824-85a,False,,
ea9ea768-fb8,False,,
4a2085b4-acc,False,,
87d74e91-bfd,False,,
f3114ff8-d6e,False,,
2cae599c-bbe,False,,
ae9c88f3-746,False,,
4cb7545c-62f,False,,
92bb3dbb-35f,False,,
fb4945ef-004,False,,
29b2b4fc-9b7,False,,
9b3e20fd-3f2,False,,
348d7a5d-6e8,True,2024-02-02 16:38:00,103.67
ed34acbf-87e,True,2024-02-13 23:29:00,116.68
c8663a24-77f,False,,
e4a53924-9fa,False,,
ed476feb-d2a,False,,
7215e1c1-995,True,2024-02-19 02:01:00,467.41
a79e11e0-001,False,,
f7b0c0fd-101,False,,
8ab1e378-c96,False,,
f02f44b0-f1f,False,,
dfd96d13-d3e,False,,
941ed9e7-adf,False,,
a0600fc7-10c,False,,
37602f99-0cb,False,,
78eb451e-482,False,,
dbe8dc53-b78,False,,
3eac1ff2-280,False,,
5691dc9b-f36,True,2024-02-02 22:58:00,268.08
d2234448-11a,False,,
f501ff73-d9d,True,2024-02-19 11:48:00,172.05
c3b1a88c-0f1,False,,
89889a49-dbd,False,,
34ec2284-d0b,False,,
d023887a-8b6,False,,
e8192fed-f6a,True,2024-01-22 13:38:00,268.16
7d8d0c64-b8c,False,,
0915fa91-fed,True,2024-03-11 05:59:00,116.94
b950412c-4f4,False,,
c87f7184-785,False,,
2e237079-ab4,False,,
61cdc390-a0c,False,,
3623fa2d-172,False,,
f3007a3e-d07,False,,
1b944261-e52,False,,
d203bc38-c45,False,,
96b2f2b2-a2f,False,,
bd1a92b0-ddb,False,,
d72b9584-59b,False,,
2cb06a01-a5d,False,,
e15c89e6-255,False,,
d9912e0d-088,False,,
964c58e3-dd9,False,,
9fcd0679-71c,False,,
199d3610-d5b,False,,
25a84c20-a72,False,,
d0301aad-2f7,False,,
63b631e0-84b,False,,
a121c6c3-f47,False,,
435115cd-fb5,False,,
aa9a8b0c-0c8,False,,
09337b00-a90,False,,
cfec2aad-d8b,False,,
71a46818-9bb,False,,
05b00071-10d,False,,
f2721dbf-082,True,2024-01-18 10:56:00,363.86
ea84372f-e64,False,,
a2efbc64-dc4,True,2024-01-24 05:55:00,335.07
4f7529c5-964,False,,
2eaacba9-b92,False,,
121b81a6-db8,True,2024-02-27 01:27:00,41.16
cf6ef298-c5c,True,2024-02-18 05:36:00,82.85
d8944b90-1c9,False,,
ba37580a-fc9,False,,
63a43953-cbd,False,,
132d62f7-35b,False,,
717e9b03-9d9,False,,
9c942a74-f9a,False,,
5fc63b8e-aa9,False,,
6c0c1bca-4a9,False,,
40f04749-3e5,True,2024-03-18 17:01:00,31.29
7a381ae7-d4b,True,2024-01-06 13:05:00,183.93
18476e2f-a7b,True,2024-03-14 15:03:00,263.28
7c39bde8-0e4,False,,
4dc0bfc4-4bc,False,,
c545629c-46b,False,,
42942eb9-cd8,False,,
b5f5202c-a6d,False,,
b39ef69e-694,False,,
69659d1c-5a6,False,,
e4f092f6-509,False,,
be68aff4-3f1,False,,
3227b435-820,False,,
e9094398-11a,True,2024-02-05 15:38:00,367.81
7697af6a-c0e,False,,
1ef790de-ed0,False,,
b33d6179-a6c,False,,
5387ae68-217,False,,
e047dc7b-b27,False,,
08c604b9-6b0,False,,
dde2e793-cc8,True,2024-03-07 05:52:00,291.07
c3df7d2b-f9f,True,2024-01-25 22:42:00,117.48
53e517e7-f95,False,,
ac166686-3ef,False,,
1c9ac1e2-ec7,False,,
e2e35a03-169,False,,
b837f7e3-3fd,False,,
76312583-32b,False,,
764776b6-771,False,,
639098c7-d13,False,,
6ed9c448-6ad,False,,
433c74b9-a4a,False,,
fb039794-122,False,,
52084ce9-dae,False,,
59e1a11e-611,False,,
6e7f1918-f65,False,,
9c68c04c-30d,False,,
6919a504-e17,False,,
71063ee3-913,False,,
51d2f9a5-c58,False,,
d471d1be-9a5,True,2024-03-05 17:34:00,364.35
6d2f7632-ea5,False,,
246d1a02-7b6,False,,
2026bb23-645,False,,
aa7b7700-00a,True,2024-03-07 23:13:00,42.26
4a80c5f8-678,False,,
d36fae91-852,False,,
2431c098-566,False,,
c2f6c363-641,False,,
9e6e8ac3-b53,False,,
1637937c-9da,False,,
d9b999d0-435,True,2024-01-16 22:24:00,224.6
742f57a9-050,True,2024-02-12 08:11:00,265.35
13400739-63c,False,,
49ac1a64-ffd,False,,
3c14a96a-8ce,False,,
fa71474c-4af,False,,
708d0d7f-5d1,False,,
f967f212-abe,False,,
a791efca-a09,False,,
ec74e5f3-cdf,True,2024-03-20 10:28:00,376.69
9d99fc4d-39e,True,2024-02-05 22:57:00,177.28
feb68e07-b7c,False,,
fa1056fd-526,False,,
df0f03c9-0e5,False,,
76718a21-d5c,False,,
61ea9521-b02,False,,
dac1ba3b-8f0,True,2024-03-04 18:37:00,342.94
9734731a-c7e,False,,
0df1d1ea-001,False,,
ee7e29b0-3ce,False,,
3f97fed7-e22,False,,
ba307012-668,False,,
d6b42053-a8c,False,,
7e949af8-e4f,False,,
9ea48ea8-f6f,False,,
fb5ebecf-fc9,True,2024-02-15 13:38:00,93.91
24e10abf-5ce,False,,
bf906c21-274,False,,
88b5b2f2-efd,False,,
73bb6713-38f,False,,
20b7a2b5-aca,False,,
b2b7fbf1-6bb,False,,
c06cdd5d-fb4,False,,
c686bab7-b09,False,,
6f1bbf73-ac0,False,,
13b9781f-16a,False,,
3bba53c8-ae3,False,,
38793473-1a4,False,,
0549c0e8-77e,False,,
53f3040d-1aa,False,,
a0dae324-c1e,True,2024-02-23 18:41:00,161.79
d9e65fc0-fe9,False,,
bc08cb94-2fb,False,,
beaf1f8b-aef,False,,
f7f46e53-d52,False,,
3416c1bf-0fe,False,,
9346acb6-aa3,False,,
0c9211b7-b99,False,,
f34f36da-f21,False,,
b5ce8f1c-a89,False,,
1e7feb57-4ad,False,,
7225a026-c49,False,,
cfe1602c-669,True,2024-03-12 04:55:00,441.15
65ef2367-7bf,False,,
3be0ceab-bd9,False,,
274aef0c-e96,False,,
fa45f717-ba3,False,,
9cb5f11a-306,True,2024-02-23 21:39:00,459.83
46615a85-073,False,,
a353729d-6c7,True,2024-01-28 16:40:00,250.61
a1696ab4-d20,False,,
fcb9b2a0-00e,False,,
2cfa0c43-bf5,False,,
6440a82a-a5f,True,2024-01-28 09:38:00,242.72
b0368eda-01c,False,,
5d59236d-be7,False,,
cf7b1f71-468,False,,
a0e6f677-4e5,False,,
895bf450-ca6,False,,
879a7523-ad1,False,,
dd65c2da-9db,False,,
bf3075b7-ee5,False,,
5ffdd91c-02a,False,,
3ab2b228-d27,False,,
7a015dd6-f22,False,,
0977ff30-2da,False,,
e1cf00cb-73d,True,2024-02-10 16:13:00,291.11
037d46aa-cd0,False,,
bfa39ac6-fe7,True,2024-01-25 13:55:00,255.95
53739449-13d,False,,
1d290967-6f5,False,,
bd9ac3b3-b9b,True,2024-02-05 22:46:00,148.63
ee38cfe4-b14,True,2024-04-02 15:11:00,246.76
afd21e90-fe8,False,,
8a946cf0-e55,False,,
ceb31044-f90,False,,
0a5698db-a14,True,2024-02-22 19:36:00,343.15
a6396b19-bff,False,,
5c91f75e-0d2,False,,
52ae772b-7ab,False,,
28d95a57-ec1,False,,
a123b3ad-865,False,,
132db7ea-457,False,,
e729c26f-5ae,False,,
cd0b10d7-887,False,,
c84b8063-f9c,True,2024-02-03 16:14:00,242.41
ac551bdc-25d,False,,
4e9c39da-0cb,True,2024-01-12 15:27:00,407.96
1e0fb4bc-9d5,False,,
1a29bfa9-681,False,,
d6d48509-e66,False,,
e707c850-ffa,False,,
b9cbe3f5-836,False,,
c0b1ecdd-8b6,False,,
9662208c-b67,False,,
cc91a805-d2f,False,,
3941b220-126,True,2024-03-18 21:29:00,42.1
0540c4ce-b7d,False,,
66a2bfcf-713,False,,
5593d98b-98b,False,,
921adcd4-091,False,,
ea0fccbb-d06,False,,
639c4568-440,False,,
92950c86-e07,False,,
1778fa54-261,True,2024-03-08 21:54:00,102.39
06010e88-662,False,,
7ff079f1-6fc,False,,
11514f84-c58,False,,
27656311-4be,False,,
e558bf40-b57,False,,
a8589e1b-78f,False,,
ab48c8da-8f4,False,,
03e825bc-7b4,False,,
c27bea09-6a4,True,2024-02-04 21:44:00,238.49
7963f9a5-08f,False,,
f3d5796d-e6a,False,,
830c79bb-0c9,False,,
1c2ac7e4-9b2,False,,
4f6cb4d8-837,False,,
8c148682-86c,False,,
e2aca2ad-3b0,False,,
289e57a6-c08,True,2024-02-28 07:20:00,298.67
410f05cc-d59,False,,
c6edcc6b-1c2,False,,
4cbcd28a-f15,False,,
4f00d7d2-4f6,True,2024-01-12 11:39:00,186.85
f77ce271-6a5,False,,
eab081da-342,False,,
28754985-196,False,,
69da3cbe-685,False,,
7efe8348-7f0,False,,
3ef9953a-e42,True,2024-03-18 06:36:00,387.3
ac7fa2bb-a30,True,2024-02-18 10:30:00,451.29
42546c69-0b4,False,,
cc397f30-d3b,False,,
52d4d0a5-e1e,False,,
d2071a2e-da4,False,,
28a1532f-c96,False,,
b75a9f6a-975,True,2024-03-20 18:05:00,315.08
c6ce3859-d58,False,,
b5147f57-883,False,,
58760042-91a,False,,
66230332-f8f,True,2024-03-30 00:31:00,328.79
b9475d0c-548,False,,
bb3c1167-58c,False,,
5ea3af9b-d49,False,,
5602896d-ae9,False,,
70286677-850,True,2024-03-06 09:47:00,242.46
0864c38f-553,False,,
74b0af61-734,True,2024-02-12 08:32:00,208.84
6c3d8ecc-17c,False,,
df309b4d-fe8,False,,
846883b9-2c3,False,,
805080b4-74d,False,,
d232c626-34b,False,,
507107c3-aba,False,,
95561c91-89c,True,2024-03-14 06:21:00,152.08
035e9f7a-446,True,2024-01-28 10:38:00,184.5
c28f5968-9dd,False,,
31ebd400-4cf,False,,
ff35154d-2aa,True,2024-03-03 10:38:00,176.71
30f9d64b-92f,False,,
f4a9ca04-e44,False,,
3b923453-1e9,False,,
621dae56-423,False,,
5718e912-573,False,,
21910f3e-188,False,,
99b076f8-004,True,2024-03-10 19:38:00,63.25
f1d76477-e2c,False,,
9328d9ac-a98,False,,
1688cb56-505,False,,
12964ac4-797,False,,
5fbf43a1-aea,False,,
9d631a0e-826,False,,
f71cb285-80e,False,,
b5e28e5d-56c,False,,
c888e2b8-ab2,True,2024-01-11 19:41:00,382.54
74447a64-6f7,False,,
573e53c1-1aa,True,2024-02-10 05:15:00,374.03
4cf21489-ee4,False,,
6e69e6ce-26f,True,2024-03-05 22:16:00,70.99
19e82cdb-b98,True,2024-02-03 20:35:00,239.43
6dc48456-440,False,,
fb640da7-8b1,True,2024-02-14 15:48:00,349.13
680bec72-cbb,False,,
3a05dbe2-277,True,2024-02-02 07:17:00,291.08
4d4dc019-727,True,2024-03-20 07:37:00,68.13
fbe596f3-ed5,False,,
462b85da-ebb,False,,
73cf461c-090,False,,
4951ab45-516,False,,
81934e87-da8,False,,
040f6bf7-5cc,False,,
5ffbe2a6-c09,False,,
ad4ae54a-3a3,False,,
f0f3965f-20f,True,2024-02-14 00:24:00,78.15
1a4f16d6-061,False,,
1341ff4a-4b0,False,,
c30fdc1a-fea,True,2024-01-31 11:16:00,458.66
69a82eb6-5f1,False,,
40a4cf19-aa2,False,,
3570d695-9af,False,,
afeb3009-63c,False,,
7b8d224e-a78,False,,
bafa9821-62f,False,,
b50b4039-caa,True,2024-02-04 17:24:00,67.33
38476f3f-7c3,False,,
f3b574fd-9c4,False,,
8521f100-20d,False,,
f2f21720-e51,True,2024-01-04 12:56:00,486.48
f7b395dc-f7a,False,,
c0c75743-b79,False,,
201ddfca-9e2,False,,
8d6b11dc-585,False,,
9a56f0be-51a,False,,
835f1cec-0e1,True,2024-02-07 21:34:00,306.21
4ae7af8a-87f,False,,
7f31ae0f-d56,False,,
0642301c-781,True,2024-03-23 04:27:00,266.87
378d4886-4b3,False,,
f824a61e-caa,False,,
6af14062-7c1,False,,
d3e5e08e-ab2,True,2024-02-03 08:04:00,416.24
8fa561e6-ea5,False,,
8bf05e8e-93f,False,,
4a8430ed-ca3,False,,
69f5d548-b0b,False,,
86845bcf-060,False,,
39c3b1f6-633,True,2024-03-20 22:14:00,451.61
fca16943-d4c,True,2024-03-14 21:44:00,367.63
edbbec69-ae1,False,,
97bfe4c3-081,False,,
e017cc34-566,False,,
456de428-ab1,False,,
ac8147b0-6f7,False,,
471157b6-26e,False,,
2fc42b1f-cd9,False,,
6f3cea05-1d5,False,,
c72aa59a-0f9,False,,
a7b3b1d8-fd3,False,,
1d79020a-b90,True,2024-02-21 21:22:00,103.15
aa8952c1-fc6,False,,
059946ff-0ee,False,,
60b1202b-348,False,,
8c9e3db0-dc6,False,,
5471ed02-bb6,False,,
e9dabd91-bd2,True,2024-03-31 07:40:00,53.74
480d5aae-35b,False,,
19d7869b-1b6,False,,
dd43a8fc-b18,False,,
f9f46766-b85,False,,
9113e91a-0b0,False,,
53c45430-8b1,False,,
40f529c5-dbe,False,,
ca336fd0-0d2,False,,
e8d7cb49-ce3,False,,
d8594d6b-0e6,False,,
41dc33fa-dd6,False,,
b9e90965-7e3,False,,
f18d78f5-d94,False,,
4f33896e-000,True,2024-03-22 21:42:00,219.34
49152d29-fda,False,,
d19cf61a-082,False,,
6f02636f-915,True,2024-02-18 15:39:00,486.77
b02fc632-547,False,,
de73ee6a-fd0,False,,
a3d9a3c0-74f,False,,
44d1e056-aca,False,,
5211287e-711,False,,
624c27ca-87c,False,,
00a49abb-ef0,False,,
4d509624-cb7,True,2024-01-27 05:53:00,83.22
750546ac-3d8,False,,
43b2ba97-160,False,,
2849cf24-4cf,False,,
fb121747-630,False,,
46e41a06-abb,True,2024-03-08 10:00:00,265.84
c9d1a000-896,False,,
5de9dd92-000,True,2024-03-29 22:35:00,35.1
afefa9d1-c58,True,2024-01-21 08:01:00,429.41
1d3518b0-ff5,True,2024-03-24 11:51:00,296.36
f45d8bf5-f5a,False,,
2968d36e-f3f,False,,
d2ee7d37-4b7,False,,
2daad6c1-6f8,False,,
b5b7f7b2-aa3,False,,
4a4aa836-bbb,False,,
bbe614ba-ad0,False,,
